{
  "id": "5010588",
  "name": "结业考试WPF",
  "font_family": "iconfont",
  "css_prefix_text": "icon-",
  "description": "",
  "glyphs": [
    {
      "icon_id": "17523086",
      "name": "配置-系统配置",
      "font_class": "peizhi-xitongpeizhi",
      "unicode": "e619",
      "unicode_decimal": 58905
    },
    {
      "icon_id": "11731117",
      "name": "智慧空压机",
      "font_class": "zhihuikongyaji",
      "unicode": "e628",
      "unicode_decimal": 58920
    },
    {
      "icon_id": "2553880",
      "name": "停止",
      "font_class": "tingzhi",
      "unicode": "e6ae",
      "unicode_decimal": 59054
    },
    {
      "icon_id": "3988202",
      "name": "电流",
      "font_class": "dianya",
      "unicode": "e630",
      "unicode_decimal": 58928
    },
    {
      "icon_id": "4400641",
      "name": "运行状态",
      "font_class": "yunhangzhuangtai",
      "unicode": "e614",
      "unicode_decimal": 58900
    },
    {
      "icon_id": "4485682",
      "name": "最大化",
      "font_class": "zuidahua",
      "unicode": "e600",
      "unicode_decimal": 58880
    },
    {
      "icon_id": "7103686",
      "name": "运行时间",
      "font_class": "yunhangshijian",
      "unicode": "e869",
      "unicode_decimal": 59497
    },
    {
      "icon_id": "11490918",
      "name": "最小化",
      "font_class": "zuixiaohua",
      "unicode": "e650",
      "unicode_decimal": 58960
    },
    {
      "icon_id": "11987154",
      "name": "恢复窗口",
      "font_class": "huifuchuangkou",
      "unicode": "e65b",
      "unicode_decimal": 58971
    },
    {
      "icon_id": "13638706",
      "name": "压力",
      "font_class": "yali",
      "unicode": "e657",
      "unicode_decimal": 58967
    },
    {
      "icon_id": "14913083",
      "name": "卸载",
      "font_class": "xiezai",
      "unicode": "e73c",
      "unicode_decimal": 59196
    },
    {
      "icon_id": "15726988",
      "name": "运行",
      "font_class": "yunhang",
      "unicode": "e65d",
      "unicode_decimal": 58973
    },
    {
      "icon_id": "17816846",
      "name": "关闭",
      "font_class": "guanbi",
      "unicode": "e601",
      "unicode_decimal": 58881
    },
    {
      "icon_id": "18404266",
      "name": "加载",
      "font_class": "jiazai",
      "unicode": "e6de",
      "unicode_decimal": 59102
    }
  ]
}
